Pays;Enfant;Culturelles;Détentes;Sportives;Familiales;Festives;Climat;Duree;Budget;Saison;Activité
Allemagne;Oui;Oui;Non;Oui;Oui;Oui;Tempéré;Court;Moyen;été;"L'Allemagne offre de nombreuses activités intéressantes en été. Voici quatre suggestions :

Festivals Culturels : Assistez à l'un des nombreux festivals culturels qui ont lieu en été en Allemagne. Que ce soit un festival de musique, de cinéma, ou un événement artistique, vous aurez l'occasion de découvrir la scène culturelle vibrante du pays.

Randonnée dans les Montagnes : Profitez du beau temps pour explorer les magnifiques paysages montagneux de l'Allemagne. Les Alpes bavaroises ou la Forêt-Noire offrent d'excellentes possibilités de randonnée avec des vues à couper le souffle.

Visite des Lacs : L'Allemagne compte de nombreux lacs pittoresques où vous pouvez vous détendre, nager et profiter du soleil. Le lac de Constance, le lac de Chiemsee et le lac de Titisee sont quelques-unes des options populaires.

Exploration des Villes Historiques : Partez à la découverte des charmantes villes historiques allemandes. Des endroits comme Heidelberg, Rothenburg ob der Tauber, et Quedlinburg offrent une architecture médiévale, des rues pavées et une atmosphère unique à explorer."
Allemagne;Oui;Oui;Non;Oui;Oui;Oui;Tempéré;Court;Moyen;automne;"En automne, l'Allemagne offre également une variété d'activités charmantes. Voici quatre suggestions pour profiter de cette saison :

Marchés de Noël : Bien que la saison des marchés de Noël débute officiellement en décembre, certaines villes allemandes commencent à organiser des marchés de Noël à la fin de l'automne. Ces marchés sont réputés pour leurs décorations festives, leurs produits artisanaux et leurs délicieuses spécialités culinaires de saison.

Randonnées à travers les Forêts d'Automne : Explorez les forêts allemandes lorsque les feuilles des arbres commencent à changer de couleur. La Forêt-Noire et la Suisse saxonne offrent des paysages spectaculaires, et les sentiers de randonnée sont parfaits pour profiter de la beauté automnale.

Visite des Vignobles : L'automne est la période des vendanges dans les régions viticoles allemandes. Partez à la découverte des vignobles de la vallée du Rhin ou de la Moselle, dégustez des vins locaux et profitez des magnifiques paysages viticoles.

Célébrations d'Oktoberfest : Bien que traditionnellement associée à Munich, l'Oktoberfest est célébrée dans de nombreuses villes à travers l'Allemagne. Cette fête de la bière, généralement tenue à la fin de septembre et début octobre, offre une ambiance animée avec des dégustations de bière, des attractions et des activités festives.

Que ce soit pour profiter des couleurs automnales, déguster des spécialités locales ou participer à des festivités, l'Allemagne en automne propose des expériences uniques."
Argentine;Non;Oui;Non;Oui;Oui;Non;Tempéré;Long;Faible;hiver;"Entre décembre et mars, qui correspond à l'été dans l'hémisphère sud, l'Argentine offre une variété d'activités ensoleillées et estivales. Voici quelques suggestions :

Plages de la Côte Atlantique : Explorez les magnifiques plages de la côte atlantique, notamment à Mar del Plata, Pinamar et Villa Gesell. Profitez du soleil, de la mer et des activités nautiques comme le surf et la planche à voile.

Voyage dans la Région des Lacs : La région des lacs en Patagonie, notamment Bariloche, est spectaculaire en été. Vous pouvez faire de la randonnée, du kayak, du vélo et profiter des paysages montagneux et des lacs cristallins.

Cascades d'Iguazú : Visitez les impressionnantes chutes d'Iguazú dans la province de Misiones. Les températures sont chaudes et vous pourrez explorer la jungle environnante, faire des excursions en bateau pour approcher les chutes, et observer la faune locale.

Festivals d'Été : Assistez à des festivals d'été en Argentine. Des événements musicaux, culturels et artistiques sont souvent organisés pendant cette période dans différentes régions du pays."
Argentine;Non;Oui;Non;Oui;Oui;Non;Tempéré;Long;Faible;automne;"En Argentine, vous pouvez profiter du printemps et du début de l'été dans l'hémisphère sud. Voici quelques suggestions d'activités à faire pendant cette période :

Observation des Baleines en Patagonie : De septembre à décembre, les baleines franches australes migrent le long de la côte atlantique de l'Argentine. Des endroits comme la péninsule de Valdés offrent d'excellentes opportunités d'observation de ces majestueuses créatures marines.

Visite des Vignobles : Explorez les régions viticoles comme Mendoza. C'est la période de la floraison des vignes, offrant des paysages spectaculaires. Profitez des visites de caves et des dégustations de vin.

Randonnée dans la Cordillère des Andes : Le printemps en Argentine est une période idéale pour la randonnée. Explorez les sentiers de la Cordillère des Andes et découvrez la beauté des paysages montagneux, notamment dans des endroits comme Bariloche ou la Quebrada de Humahuaca.

Festivals et Événements Culturels : Assistez à des festivals et événements culturels qui ont lieu à cette période de l'année. Buenos Aires, par exemple, propose souvent des festivals de musique, de danse et d'art au printemps."
Australie;Non;Oui;Non;Oui;Oui;Non;Chaud;Long;Fort;hiver;"En Australie, c'est l'été dans l'hémisphère sud. Voici quatre activités estivales à considérer :

Plages de la Gold Coast : Profitez des célèbres plages de la Gold Coast, telles que Surfers Paradise. Vous pouvez vous détendre au soleil, faire du surf, et participer à diverses activités nautiques.

Circuits dans le Parc National de Kakadu : Explorez le Parc National de Kakadu dans le Territoire du Nord. C'est la saison des pluies dans le Top End, ce qui rend les cascades et les gorges particulièrement impressionnantes. Les excursions en bateau et la découverte de l'art rupestre aborigène sont également populaires.

Festival de Sydney et Feux d'Artifice du Nouvel An : Assistez au célèbre Festival de Sydney, qui a lieu en janvier, et profitez des feux d'artifice spectaculaires du Nouvel An au port de Sydney. C'est l'un des plus grands spectacles de feux d'artifice au monde.

Randonnée dans les Blue Mountains : Explorez les Blue Mountains pendant l'été. Les températures peuvent être agréables pour la randonnée, et vous pouvez découvrir les formations rocheuses, les forêts d'eucalyptus et les vues panoramiques.

N'oubliez pas que l'Australie est vaste et que les conditions météorologiques peuvent varier d'une région à l'autre. Choisissez des activités en fonction de la partie du pays que vous prévoyez de visiter. Que ce soit pour les plages, la nature, les festivals ou la randonnée, l'Australie en été offre une gamme variée d'expériences."
Belgique;Non;Oui;Non;Oui;Oui;Non;Froid;Court;Moyen;été;"La Belgique offre de nombreuses activités agréables à faire en été. Voici quelques suggestions :

Découvrir les Villes Historiques : Explorez les charmantes villes belges comme Bruxelles, Bruges, Gand, et Anvers. Promenez-vous dans les ruelles pavées, visitez les marchés estivaux, et découvrez l'architecture historique.

Festivals et Événements Culturels : Profitez des nombreux festivals et événements culturels qui ont lieu en été. Des festivals de musique, de cinéma, de danse et d'arts visuels sont organisés à travers le pays.

Dégustation de Bières et de Gastronomie : La Belgique est réputée pour ses bières et sa cuisine délicieuse. Visitez les brasseries locales, participez à des dégustations de bières, et savourez des plats belges, tels que les moules-frites et les gaufres.

Parcs et Jardins : Profitez des parcs et jardins verdoyants. Le parc du Cinquantenaire à Bruxelles, le parc de la Citadelle à Namur, et le parc Josaphat à Schaerbeek offrent des endroits paisibles pour se détendre et pique-niquer.

Que vous soyez intéressé par la culture, la gastronomie, la nature ou l'histoire, la Belgique en été propose une variété d'activités pour tous les goûts."
Brésil;Non;Oui;Non;Oui;Oui;Oui;Tempéré;Long;Faible;printemps;"A ce moment là, c'est l'automne au Brésil, une période où les températures peuvent être agréables dans plusieurs régions du pays. Voici quelques suggestions d'activités à faire pendant cette période :

Carnaval de Salvador : Bien que le Carnaval de Rio se déroule généralement en février, le Carnaval de Salvador, avec ses festivités animées, défile dans les rues et ses blocos (groupes musicaux) est une expérience unique. Certaines festivités peuvent se poursuivre en mars.

Festival de Parintins : Assitez au Festival de Parintins, qui a lieu en juin dans la ville de Parintins, dans l'État d'Amazonas. C'est un spectacle coloré de danses, de musique et de compétitions entre deux équipes qui représentent des personnages folkloriques.

Découverte de la Chapada Diamantina : Explorez la région de la Chapada Diamantina en Bahia. Cette région offre des paysages spectaculaires avec des montagnes, des grottes, des rivières et des cascades. C'est un endroit idéal pour la randonnée et l'observation de la nature.

Festival de Musique Lollapalooza : Si vous êtes passionné de musique, le festival Lollapalooza Brasil a lieu à São Paulo en avril. Il présente des artistes internationaux et locaux dans un cadre festivalier.
Que vous soyez intéressé par la culture, la nature, la musique ou la détente sur la plage, le Brésil offre une variété d'activités pendant la période de mars à juin."
Brésil;Non;Oui;Non;Oui;Oui;Oui;Tempéré;Long;Faible;été;"C'est l'hiver au Brésil, période pendant laquelle certaines régions connaissent des températures plus fraîches. Voici quatre activités à envisager pendant cette période :

Sports d'Hiver à Gramado : Visitez la ville de Gramado, située dans l'État du Rio Grande do Sul, qui offre une atmosphère européenne avec des températures plus fraîches en hiver. Vous pouvez profiter des sports d'hiver, y compris le patin à glace, dans cette charmante destination.

Observation des Baleines à Imbituba : Entre juin et septembre, c'est la saison de migration des baleines franches australes le long de la côte de l'État de Santa Catarina. Imbituba est un excellent endroit pour observer ces magnifiques créatures marines.

Festival de Jazz de Rio das Ostras : Assistez au Festival de Jazz et Blues de Rio das Ostras, qui a généralement lieu en juin. C'est un événement musical qui attire des artistes de renommée nationale et internationale pour des performances en plein air.

Randonnée dans le Parc National de l'Itatiaia : Profitez de la fraîcheur de l'hiver pour faire de la randonnée dans le Parc National de l'Itatiaia, situé entre les États de Rio de Janeiro et de Minas Gerais. Explorez les sentiers, les cascades et les points de vue panoramiques.

N'oubliez pas que le Brésil étant un pays vaste et diversifié, les activités peuvent varier en fonction de la région que vous choisissez de visiter. Que ce soit pour les sports d'hiver, l'observation de la faune, la musique ou la randonnée, il y a une variété d'expériences à découvrir au Brésil."
Canada;Non;Oui;Non;Oui;Oui;Non;Froid;Long;Fort;printemps;"Au Canada, vous trouverez une variété d'activités en fonction des régions. Voici quelques suggestions :

Échappée printanière à Vancouver : Profitez du printemps à Vancouver, en Colombie-Britannique. Explorez les jardins botaniques, comme le Jardin VanDusen, visitez le parc Stanley et découvrez la ville dynamique.

Festival des Tulipes à Ottawa : En mai, assistez au Festival canadien des tulipes à Ottawa, en Ontario. Des milliers de tulipes éclosent, créant un spectacle coloré. Profitez également de la capitale nationale du Canada.

Randonnée dans les Rocheuses : Les Rocheuses canadiennes sont magnifiques au printemps. Partez en randonnée dans les parcs nationaux de Banff et de Jasper en Alberta, découvrez des paysages spectaculaires et observez la faune.

Festival de Jazz de Montréal : En juin, ne manquez pas le Festival International de Jazz de Montréal. C'est l'un des plus grands festivals de jazz au monde, attirant des artistes de renom et offrant des concerts gratuits en plein air.

N'oubliez pas que les conditions météorologiques peuvent varier considérablement d'une région à l'autre au Canada pendant cette période, donc assurez-vous de choisir des activités en fonction de la région que vous prévoyez de visiter. Que ce soit pour la nature, la culture, la musique ou l'aventure, le Canada offre une diversité d'expériences au printemps."
Canada;Non;Oui;Non;Oui;Oui;Non;Froid;Long;Fort;été;"Le Canada offre une variété d'activités estivales en raison des températures plus chaudes. Voici quelques suggestions :

Parcs nationaux des Rocheuses : Explorez les parcs nationaux des Rocheuses canadiennes, tels que Banff et Jasper en Alberta. Randonnez dans des paysages spectaculaires, découvrez des lacs d'un bleu éclatant et admirez la faune sauvage.

Festival de Jazz de Montréal : Profitez du Festival International de Jazz de Montréal, l'un des plus grands festivals de jazz au monde. Des artistes locaux et internationaux se produisent dans toute la ville, créant une atmosphère festive.

Festival des cerfs-volants à Vancouver : Assiste au Festival international des cerfs-volants de Vancouver en juin. Des cerfs-volants de toutes formes et tailles envahissent le ciel au-dessus de la plage de Jericho, créant un spectacle coloré.

Croisière dans les Mille-Îles : Explorez la région des Mille-Îles, située entre le Canada et les États-Unis, en Ontario. Une croisière sur le fleuve Saint-Laurent offre des vues magnifiques sur les îles pittoresques et les résidences historiques.

Que ce soit pour la nature, la culture, les festivals ou les aventures en plein air, le Canada propose une variété d'activités passionnantes."
Chypre;Non;Oui;Oui;Oui;Oui;Non;Chaud;Moyen;Faible;printemps;"Chypre bénéficie d'un climat agréable avec des températures douces, faisant de cette période une excellente période pour explorer l'île. Voici quatre activités à envisager pendant cette période :

Randonnée dans les Montagnes de Troodos : Explorez les montagnes de Troodos, au centre de l'île. Profitez de la douceur du printemps pour faire de la randonnée le long des sentiers, découvrez des villages traditionnels, et visitez des monastères, dont le monastère de Kykkos.

Détente sur les Plages : Chypre est réputée pour ses magnifiques plages. Profitez du temps ensoleillé pour vous détendre sur les plages de sable fin. Des endroits comme Ayia Napa et Protaras offrent des eaux cristallines et des stations balnéaires animées.

Exploration de Paphos : Visitez la ville de Paphos, site classé au patrimoine mondial de l'UNESCO. Explorez les ruines archéologiques, notamment les Tombes des Rois et les mosaïques de Paphos, et découvrez le vieux port de Paphos.

Festival des Fleurs à Limassol : Si vous visitez Chypre en mai, ne manquez pas le Festival des Fleurs à Limassol. Il s'agit d'un événement coloré avec des défilés de chars décorés de fleurs, des concerts, et une atmosphère festive.

Que vous préfériez la nature, la culture, les plages ou la détente, Chypre offre une variété d'activités pour satisfaire différents goûts pendant les mois de mars à juin."
Chypre;Non;Oui;Oui;Oui;Oui;Non;Chaud;Moyen;Faible;été;"Chypre connaît des températures estivales plus chaudes, ce qui en fait une période idéale pour profiter des plages et des activités en plein air. Voici quatre suggestions d'activités à faire à Chypre pendant cette période :

Plages de l'Est de Chypre : Explorez les plages de l'Est de Chypre, notamment celles d'Ayia Napa et de Protaras. Ces destinations offrent des eaux cristallines, des plages de sable fin, et une variété d'activités nautiques comme la plongée sous-marine, le jet-ski et la voile.

Festival Médiéval de Bouquinistes à Limassol : Si vous visitez Chypre en juillet, assistez au Festival Médiéval de Bouquinistes à Limassol. Cet événement reconstitue l'atmosphère du Moyen Âge avec des marchands costumés, des spectacles, des concerts et des activités médiévales.

Exploration de Nicosie : Profitez du temps chaud pour explorer la capitale, Nicosie. Visitez la vieille ville avec ses ruelles pittoresques, le musée archéologique, et découvrez la ligne verte qui divise la ville entre la partie grecque et la partie turque.

Randonnée dans les Gorges d'Avakas : Faites de la randonnée dans les gorges d'Avakas, situées dans la région de Paphos. Les mois d'été sont propices pour explorer ces gorges impressionnantes et profiter de la beauté naturelle de la région.

Que ce soit pour les plages, la culture, la randonnée ou les festivals, Chypre propose une diversité d'activités estivales "
Colombie;Non;Oui;Non;Oui;Oui;Non;Chaud;Long;Faible;hiver;"Entre décembre et mars, c'est la saison sèche en Colombie, ce qui en fait une période agréable pour explorer diverses régions du pays. Voici quatre activités à considérer pendant cette période :

Visite de Carthagène des Indes : Explorez la ville historique de Carthagène des Indes sur la côte caraïbe. Profitez du climat ensoleillé pour vous promener dans les ruelles pavées de la vieille ville, visiter les fortifications coloniales, et découvrir la riche histoire de la ville.

Randonnée dans la Sierra Nevada de Santa Marta : Partez en randonnée dans la Sierra Nevada de Santa Marta, la plus haute chaîne de montagnes côtières du monde. Explorez les sentiers de randonnée, rencontrez des communautés indigènes, et découvrez la biodiversité unique de cette région.

Détente sur les plages de San Andrés : Profitez des plages paradisiaques de l'île de San Andrés dans la mer des Caraïbes. Faites de la plongée avec tuba pour explorer les récifs coralliens colorés, détendez-vous sur les plages de sable blanc, et découvrez la culture unique de l'île.

Visite du Parc National Naturel de Tayrona : Explorez le Parc National Naturel de Tayrona sur la côte caraïbe. Randonnez à travers la forêt tropicale jusqu'à des plages isolées, où vous pourrez vous détendre, nager et profiter de la beauté naturelle du parc.

Découverte de Medellín : Visitez la ville de Medellín, entourée de montagnes verdoyantes. Explorez le centre-ville, visitez le Musée d'Antioquia, et découvrez le renouveau culturel et artistique de la ville.

Ces activités offrent un aperçu de la diversité géographique et culturelle de la Colombie pendant la saison sèche entre décembre et mars. N'oubliez pas de vérifier les conditions météorologiques spécifiques pour les régions que vous prévoyez de visiter."
Colombie;Non;Oui;Non;Oui;Oui;Non;Chaud;Long;Faible;printemps;"Entre mars et juin, la Colombie est en transition entre la saison sèche et la saison des pluies, offrant des climats variés selon les régions. Voici quatre activités à envisager pendant cette période :

Exploration de Bogotá : Visitez la capitale, Bogotá, où les températures sont généralement douces. Explorez le quartier historique de La Candelaria, visitez le musée de l'or, et montez au sommet du Monserrate pour une vue panoramique sur la ville.

Randonnée dans la Vallée de Cocora : Partez en randonnée dans la vallée de Cocora, près de Salento, pour découvrir les célèbres palmiers de cire. Profitez des paysages montagneux, des forêts de nuages, et de la biodiversité unique de la région.

Visite de Medellín : Profitez du climat agréable de Medellín. Explorez les quartiers modernes, comme El Poblado, visitez le musée d'art contemporain, et découvrez la vie nocturne animée de la ville.

Détente à San Agustín : Visitez le parc archéologique de San Agustín, inscrit au patrimoine mondial de l'UNESCO. Explorez les statues et les tombes anciennes, ainsi que les paysages naturels de la région.

Excursion dans la Sierra Nevada de Santa Marta : Profitez de la saison intermédiaire pour explorer la Sierra Nevada de Santa Marta. Randonnez vers les villages indigènes, découvrez la biodiversité de la région, et admirez les magnifiques paysages de montagnes et de plages.

Ces activités offrent une variété d'expériences allant des grandes villes aux régions montagneuses et archéologiques de la Colombie pendant la période de transition entre mars et juin. Comme toujours, vérifiez les conditions météorologiques spécifiques pour les régions que vous prévoyez de visiter."
Corée du Sud;Non;Oui;Non;Oui;Oui;Oui;Chaud;Long;Fort;printemps;"Entre mars et juin, la Corée du Sud connaît une transition du froid de l'hiver au climat plus doux du printemps. Cette période offre des températures agréables, des cerisiers en fleurs et diverses activités à apprécier. Voici quatre suggestions d'activités en Corée du Sud pendant cette période :

Festival des Cerisiers en Fleurs : Profitez du spectacle des cerisiers en fleurs pendant le pic de la floraison au printemps. Des festivals sont organisés dans tout le pays, avec des sites populaires comme le parc de l'île de Yeouido à Séoul, Gyeongju et Jeju.

Randonnée dans les Montagnes de la Corée du Sud : Explorez les magnifiques montagnes de la Corée du Sud, telles que les monts Seoraksan et Jirisan. La transition du printemps offre des conditions idéales pour la randonnée, avec des paysages floraux et des vues panoramiques.

Visite des Palais Royaux à Séoul : Explorez les palais royaux de Séoul, tels que Gyeongbokgung et Changdeokgung. Les jardins des palais sont souvent en fleurs au printemps, offrant une atmosphère pittoresque pour la promenade.

Excursion à Jeju : Profitez du climat doux de l'île de Jeju au printemps. Visitez le volcan Hallasan, découvrez les champs de fleurs, et explorez les grottes souterraines. Jeju est également réputée pour ses plages pittoresques.

Que ce soit pour les festivals de printemps, la nature florissante, l'exploration des palais ou la détente dans les spas, la Corée du Sud offre une variété d'activités pendant la période de mars à juin."
Corée du Sud;Non;Oui;Non;Oui;Oui;Oui;Chaud;Long;Fort;automne;"La Corée du Sud connaît une période de transition entre l'été et l'hiver, avec des températures qui baissent progressivement. C'est une période agréable pour explorer le pays avec des températures plus fraîches. Voici quatre activités à envisager pendant cette période :

Randonnée en Automne : Profitez des couleurs automnales en faisant de la randonnée dans les montagnes. Des endroits comme le mont Seoraksan et les montagnes Jirisan offrent des paysages spectaculaires avec des feuilles d'automne colorées.

Festival des Feux d'Artifice de Busan : En octobre, assistez au Festival des Feux d'Artifice de Busan. C'est l'un des plus grands festivals de feux d'artifice en Corée, offrant un spectacle visuel spectaculaire au-dessus de la plage de Gwangalli.

Visite du Palais Changdeokgung à Séoul : Explorez le palais de Changdeokgung à Séoul, qui est particulièrement beau avec les couleurs d'automne. Les jardins secrets du palais sont un endroit populaire pour profiter de la saison.

Festival des Lanternes de Jinju : En octobre, participez au festival des lanternes de Jinju. Des milliers de lanternes flottent sur la rivière Namgang, créant une ambiance magique.

Que ce soit pour les festivals, les randonnées automnales, l'exploration culturelle ou la détente dans les régions pittoresques, la Corée du Sud offre une variété d'activités intéressantes entre septembre et décembre."
Croatie;Non;Oui;Oui;Oui;Oui;Non;Chaud;Moyen;Moyen;automne;"La Croatie offre une atmosphère agréable avec des températures modérées, moins de foule touristique et des paysages automnaux magnifiques. Voici quatre activités à envisager pendant cette période :

Exploration de Dubrovnik : Visitez la vieille ville de Dubrovnik, classée au patrimoine mondial de l'UNESCO. Les températures plus fraîches rendent la découverte des remparts, des ruelles pavées et des monuments historiques plus agréable. Profitez d'une ambiance plus calme qu'en été.

Parcs Nationaux Plitvice et Krka : Explorez les parcs nationaux de Plitvice et Krka. Les cascades et les lacs dans ces parcs offrent des paysages époustouflants, et l'automne apporte une palette de couleurs éclatantes à la végétation environnante.

Randonnée dans le Parc National de Biokovo : Faites de la randonnée dans le Parc National de Biokovo, situé près de la côte dalmate. Les sentiers offrent des vues panoramiques sur la mer Adriatique et les îles voisines, et l'automne apporte une douceur agréable.

Dégustation de Vin en Istrie : Visitez la région viticole de l'Istrie. L'automne est la saison des vendanges, et de nombreuses caves offrent des dégustations de vin. Explorez les charmants villages, dégustez des spécialités locales et découvrez les cépages autochtones.

Que ce soit pour la découverte des villes historiques, la nature époustouflante, la dégustation de vin ou les festivals de fin d'année, la Croatie offre une variété d'activités entre septembre et décembre."
Croatie;Non;Oui;Oui;Oui;Oui;Non;Chaud;Moyen;Moyen;été;"La Croatie connaît une période estivale avec des températures chaudes, ce qui en fait une saison idéale pour profiter de ses magnifiques côtes et îles. Voici quatre activités à envisager pendant cette période :

Exploration des Villes Côtières : Visitez les villes côtières comme Dubrovnik, Split, Zadar, et Rovinj. Explorez les centres historiques, flânez dans les ruelles pavées, et profitez de l'architecture médiévale et des charmants ports.

Plages de la Mer Adriatique : Détendez-vous sur les plages de la Mer Adriatique. Des destinations populaires telles que Makarska, Hvar, et Korčula offrent des plages de galets et des eaux cristallines propices à la baignade et aux sports nautiques.

Parcs Nationaux de Plitvice et Krka : Explorez les parcs nationaux de Plitvice et Krka. Admirez les cascades et les lacs, et profitez de la nature luxuriante. En été, les parcs sont particulièrement attractifs avec leurs sentiers bien entretenus.

Îles de l'Adriatique : Faites une croisière ou visitez les îles de l'Adriatique. Brac, Vis, et Mljet sont quelques-unes des îles charmantes offrant des plages isolées, une nature préservée, et une atmosphère détendue."
Danemark;Non;Oui;Non;Oui;Oui;Non;Chaud;Moyen;Fort;printemps;
Danemark;Non;Oui;Non;Oui;Oui;Non;Chaud;Moyen;Fort;été;
Égypte;Non;Oui;Non;Oui;Oui;Non;Chaud;Moyen;Faible;automne;
Espagne;Oui;Oui;Oui;Oui;Oui;Non;Chaud;Court;Faible;printemps;
Espagne;Oui;Oui;Oui;Oui;Oui;Non;Chaud;Court;Faible;été;
Espagne;Oui;Oui;Oui;Oui;Oui;Non;Chaud;Court;Faible;automne;
États-Unis;Non;Oui;Non;Oui;Oui;Oui;Tempéré;Long;Fort;printemps;
États-Unis;Non;Oui;Non;Oui;Oui;Oui;Tempéré;Long;Fort;automne;
Finlande;Non;Oui;Non;Oui;Oui;Non;Froid;Moyen;Fort;printemps;
Finlande;Non;Oui;Non;Oui;Oui;Non;Froid;Moyen;Fort;automne;
Grèce;Oui;Oui;Oui;Oui;Oui;Non;Chaud;Moyen;Moyen;printemps;
Grèce;Oui;Oui;Oui;Oui;Oui;Non;Chaud;Moyen;Moyen;automne;
Islande;Non;Non;Non;Oui;Oui;Non;Froid;Moyen;Fort;été;
Islande;Non;Non;Non;Oui;Oui;Non;Froid;Moyen;Fort;printemps;
Italie;Oui;Oui;Oui;Oui;Oui;Oui;Chaud;Court;Moyen;printemps;
Italie;Oui;Oui;Oui;Oui;Oui;Oui;Chaud;Court;Moyen;été;
Italie;Oui;Oui;Oui;Oui;Oui;Oui;Chaud;Court;Moyen;automne;
Japon;Non;Oui;Non;Oui;Oui;Non;Tempéré;Long;Fort;printemps;
Japon;Non;Oui;Non;Oui;Oui;Non;Tempéré;Long;Fort;automne;
Luxembourg;Oui;Oui;Non;Oui;Oui;Non;Froid;Court;Fort;été;
Malaisie;Non;Oui;Oui;Oui;Oui;Non;Chaud;Long;Moyen;printemps;
Malaisie;Non;Oui;Oui;Oui;Oui;Non;Chaud;Long;Moyen;été;
Maldives;Non;Non;Oui;Oui;Non;Non;Chaud;Long;Moyen;hiver;
Maldives;Non;Non;Oui;Oui;Non;Non;Chaud;Long;Moyen;printemps;
Malte;Non;Non;Oui;Oui;Non;Non;Chaud;Court;Faible;été;
Malte;Non;Non;Oui;Oui;Non;Non;Chaud;Court;Faible;automne;
Maroc;Oui;Oui;Oui;Oui;Oui;Non;Chaud;Moyen;Faible;printemps;
Maurice;Non;Non;Oui;Oui;Oui;Non;Chaud;Moyen;Moyen;printemps;
Monaco;Oui;Non;Non;Oui;Oui;Oui;Chaud;Court;Fort;printemps;
Monaco;Oui;Non;Non;Oui;Oui;Oui;Chaud;Court;Fort; été;
Norvège;Non;Oui;Non;Oui;Oui;Non;Froid;Moyen;Fort;hiver;
Norvège;Non;Oui;Non;Oui;Oui;Non;Froid;Moyen;Fort;printemps;
Oman;Non;Oui;Non;Oui;Oui;Non;Chaud;Long;Moyen;automne;
Oman;Non;Oui;Non;Oui;Oui;Non;Chaud;Long;Moyen;printemps;
Pérou;Non;Oui;Non;Oui;Oui;Non;Chaud;Long;Faible;automne;
Pérou;Non;Oui;Non;Oui;Oui;Non;Chaud;Long;Faible;printemps;
Portugal;Oui;Oui;Non;Oui;Oui;Non;Chaud;Court;Faible;automne;
Portugal;Oui;Oui;Non;Oui;Oui;Non;Chaud;Court;Faible;été;
Qatar;Non;Oui;Non;Oui;Oui;Non;Chaud;Moyen;Moyen;automne;
Qatar;Non;Oui;Non;Oui;Oui;Non;Chaud;Moyen;Moyen;printemps;
Royaume-Uni;Oui;Oui;Non;Oui;Oui;Oui;Froid;Court;Fort;printemps;
Royaume-Uni;Oui;Oui;Non;Oui;Oui;Oui;Froid;Court;Fort;hiver;
Seychelles;Non;Non;Oui;Non;Non;Non;Chaud;Moyen;Moyen;été;
Seychelles;Non;Non;Oui;Non;Non;Non;Chaud;Moyen;Moyen;automne;
Singapour;Non;Oui;Non;Oui;Oui;Non;Chaud;Long;Fort;été;
Singapour;Non;Oui;Non;Oui;Oui;Non;Chaud;Long;Fort;hiver;
Suède;Non;Oui;Non;Oui;Oui;Non;Froid;Moyen;Fort;été;
Suède;Non;Oui;Non;Oui;Oui;Non;Froid;Moyen;Fort;hiver;
Suisse;Oui;Oui;Non;Oui;Oui;Non;Tempéré;Court;Fort;été;
Suisse;Oui;Oui;Non;Oui;Oui;Non;Tempéré;Court;Fort;hiver;
Thaïlande;Non;Oui;Non;Oui;Oui;Oui;Chaud;Long;Faible;printemps;
Thaïlande;Non;Oui;Non;Oui;Oui;Oui;Chaud;Long;Faible;hiver;
Turquie;Oui;Oui;Non;Oui;Oui;Non;Chaud;Moyen;Moyen;automne;
Turquie;Oui;Oui;Non;Oui;Oui;Non;Chaud;Moyen;Moyen;hiver;
